LSTM Units,Learning Rate,Batch Size,Validation MAE
32,0.001,32,0.00872414093464613
32,0.001,64,0.03135278448462486
32,0.01,32,0.017506567761301994
32,0.01,64,0.01900656335055828
64,0.001,32,0.012443387880921364
64,0.001,64,0.016983523964881897
64,0.01,32,0.02542269229888916
64,0.01,64,0.03792004659771919
128,0.001,32,0.020199626684188843
128,0.001,64,0.021071400493383408
128,0.01,32,0.021225757896900177
128,0.01,64,0.018799541518092155
