loss,mae,val_loss,val_mae
0.0013548419810831547,0.02216411754488945,0.0007066346588544548,0.020892919972538948
0.0003199608763679862,0.011573229916393757,0.0007166142459027469,0.021786360070109367
0.00024140902678482234,0.009701224975287914,0.0013631238834932446,0.029385998845100403
0.00020906927238684148,0.008682436309754848,0.0020471850875765085,0.03829270228743553
0.00018502252351026982,0.00792095996439457,0.002657609526067972,0.043890975415706635
